SNP;Al1;Al2
rs6265;C;T
rs11030102;C;G
rs11030104;A;G
rs11030119;G;A
rs12288512;G;A
rs670139;G;T
rs4945261;G;A
rs2373115;C;A
rs731236;A;G
rs7975232;C;A
rs1799986;C;T
rs7157609;G;A
rs4900442;C;T
rs7946;C;T
rs12325817;C;G
rs16961153;G;A
rs1979277;G;A
rs669340;C;G
rs643333;G;T
rs9901160;G;A
rs2236707;C;T
rs4800488;A;C
rs429358;T;C
rs7412;C;T
rs597668;T;C
rs2695121;C;T
rs3865444;C;A
rs1800896;T;C
rs413582;C;T
rs17585355;A;C
rs2228604;G;T
rs7536292;T;C
rs17646665;A;G
rs1149175;G;A
rs10745354;T;C
rs1799990;A;G
rs1051266;T;C
rs5749131;G;A
rs5753231;C;T
rs16988828;A;G
rs9606756;A;G
rs757874;G;T
rs1801198;C;G
rs5749135;C;T
rs9621049;C;T
rs1131603;T;C
rs7289553;A;G
rs5997711;C;T
rs2071746;A;T
rs13022344;T;C
rs744373;A;G
rs709149;G;A
rs11096990;C;T
rs4975002;T;G
rs2066789;A;G
rs4975009;T;C
rs6851075;T;C
rs162024;T;G
rs1801394;A;G
rs13181011;T;C
rs326120;A;G
rs1532268;C;T
rs7703033;G;A
rs6555501;T;C
rs162035;G;A
rs3815743;A;G
rs162040;A;C
rs10475399;A;G
rs3931914;C;G
rs11754661;G;A
rs2069442;C;G
rs1611115;C;T
rs1611131;A;G
rs1187323;A;C
rs1545285;T;G
rs1800977;G;A
rs2422493;G;A
rs242557;A;G
rs2471738;T;C
